<?xml version="1.0"?>
<AMPLIFIERSETTINGS><AMPLIFIER><NUMBER>0</NUMBER><AMPTYPE>36</AMPTYPE><GAINTELEGRAPHAVAILABLE>F</GAINTELEGRAPHAVAILABLE><NEEDSGAINTELEGRAPHCHANNEL>F</NEEDSGAINTELEGRAPHCHANNEL><GAINTELEGRAPHCHANNEL>7</GAINTELEGRAPHCHANNEL><MODETELEGRAPHAVAILABLE>F</MODETELEGRAPHAVAILABLE><NEEDSMODETELEGRAPHCHANNEL>F</NEEDSMODETELEGRAPHCHANNEL><MODETELEGRAPHCHANNEL>6</MODETELEGRAPHCHANNEL><MODESWITCHEDPRIMARYCHANNEL>F</MODESWITCHEDPRIMARYCHANNEL><PRIMARYOUTPUTCHANNELNAME> Current Monitor </PRIMARYOUTPUTCHANNELNAME><PRIMARYOUTPUTCHANNELNAMECC> Current Monitor </PRIMARYOUTPUTCHANNELNAMECC><PRIMARYOUTPUTCHANNEL>0</PRIMARYOUTPUTCHANNEL><SECONDARYOUTPUTCHANNELNAME> Vcomm Monitor </SECONDARYOUTPUTCHANNELNAME><SECONDARYOUTPUTCHANNELNAMECC> Vcomm Monitor </SECONDARYOUTPUTCHANNELNAMECC><SECONDARYOUTPUTCHANNEL>1</SECONDARYOUTPUTCHANNEL><PRIMARYCHANNELSCALEFACTORX1GAIN>0.0005000000237</PRIMARYCHANNELSCALEFACTORX1GAIN><PRIMARYCHANNELSCALEFACTORX1GAINCC>0.0005000000237</PRIMARYCHANNELSCALEFACTORX1GAINCC><PRIMARYCHANNELSCALEFACTOR>0.0005000000237</PRIMARYCHANNELSCALEFACTOR><PRIMARYCHANNELUNITS>pA</PRIMARYCHANNELUNITS><PRIMARYCHANNELUNITSCC>pA</PRIMARYCHANNELUNITSCC><SECONDARYCHANNELSCALEFACTORX1GAIN>0.009999999776</SECONDARYCHANNELSCALEFACTORX1GAIN><SECONDARYCHANNELSCALEFACTORX1GAINCC>0.009999999776</SECONDARYCHANNELSCALEFACTORX1GAINCC><SECONDARYCHANNELSCALEFACTORX1>0.009999999776</SECONDARYCHANNELSCALEFACTORX1><SECONDARYCHANNELUNITS>mV</SECONDARYCHANNELUNITS><SECONDARYCHANNELUNITSCC>mV</SECONDARYCHANNELUNITSCC><VOLTAGECOMMANDSCALEFACTOR>0.1000000015</VOLTAGECOMMANDSCALEFACTOR><VOLTAGECOMMANDCHANNEL>0</VOLTAGECOMMANDCHANNEL><CURRENTCOMMANDSCALEFACTOR>1.000000013E-010</CURRENTCOMMANDSCALEFACTOR><CURRENTCOMMANDCHANNEL>0</CURRENTCOMMANDCHANNEL></AMPLIFIER><AMPLIFIER><NUMBER>1</NUMBER><AMPTYPE>0</AMPTYPE><GAINTELEGRAPHAVAILABLE>T</GAINTELEGRAPHAVAILABLE><NEEDSGAINTELEGRAPHCHANNEL>F</NEEDSGAINTELEGRAPHCHANNEL><GAINTELEGRAPHCHANNEL>5</GAINTELEGRAPHCHANNEL><MODETELEGRAPHAVAILABLE>F</MODETELEGRAPHAVAILABLE><NEEDSMODETELEGRAPHCHANNEL>F</NEEDSMODETELEGRAPHCHANNEL><MODETELEGRAPHCHANNEL>4</MODETELEGRAPHCHANNEL><MODESWITCHEDPRIMARYCHANNEL>F</MODESWITCHEDPRIMARYCHANNEL><PRIMARYOUTPUTCHANNELNAME>Prim.</PRIMARYOUTPUTCHANNELNAME><PRIMARYOUTPUTCHANNELNAMECC>Prim.</PRIMARYOUTPUTCHANNELNAMECC><PRIMARYOUTPUTCHANNEL>2</PRIMARYOUTPUTCHANNEL><SECONDARYOUTPUTCHANNELNAME>Sec.</SECONDARYOUTPUTCHANNELNAME><SECONDARYOUTPUTCHANNELNAMECC>Sec.</SECONDARYOUTPUTCHANNELNAMECC><SECONDARYOUTPUTCHANNEL>3</SECONDARYOUTPUTCHANNEL><PRIMARYCHANNELSCALEFACTORX1GAIN>0.001000000047</PRIMARYCHANNELSCALEFACTORX1GAIN><PRIMARYCHANNELSCALEFACTORX1GAINCC>0.001000000047</PRIMARYCHANNELSCALEFACTORX1GAINCC><PRIMARYCHANNELSCALEFACTOR>0.001000000047</PRIMARYCHANNELSCALEFACTOR><PRIMARYCHANNELUNITS>mV</PRIMARYCHANNELUNITS><PRIMARYCHANNELUNITSCC>mV</PRIMARYCHANNELUNITSCC><SECONDARYCHANNELSCALEFACTORX1GAIN>0.001000000047</SECONDARYCHANNELSCALEFACTORX1GAIN><SECONDARYCHANNELSCALEFACTORX1GAINCC>0.001000000047</SECONDARYCHANNELSCALEFACTORX1GAINCC><SECONDARYCHANNELSCALEFACTORX1>0.001000000047</SECONDARYCHANNELSCALEFACTORX1><SECONDARYCHANNELUNITS>mV</SECONDARYCHANNELUNITS><SECONDARYCHANNELUNITSCC>mV</SECONDARYCHANNELUNITSCC><VOLTAGECOMMANDSCALEFACTOR>1</VOLTAGECOMMANDSCALEFACTOR><VOLTAGECOMMANDCHANNEL>1</VOLTAGECOMMANDCHANNEL><CURRENTCOMMANDSCALEFACTOR>1</CURRENTCOMMANDSCALEFACTOR><CURRENTCOMMANDCHANNEL>1</CURRENTCOMMANDCHANNEL></AMPLIFIER><AMPLIFIER><NUMBER>2</NUMBER><AMPTYPE>0</AMPTYPE><GAINTELEGRAPHAVAILABLE>T</GAINTELEGRAPHAVAILABLE><NEEDSGAINTELEGRAPHCHANNEL>F</NEEDSGAINTELEGRAPHCHANNEL><GAINTELEGRAPHCHANNEL>8</GAINTELEGRAPHCHANNEL><MODETELEGRAPHAVAILABLE>F</MODETELEGRAPHAVAILABLE><NEEDSMODETELEGRAPHCHANNEL>F</NEEDSMODETELEGRAPHCHANNEL><MODETELEGRAPHCHANNEL>8</MODETELEGRAPHCHANNEL><MODESWITCHEDPRIMARYCHANNEL>F</MODESWITCHEDPRIMARYCHANNEL><PRIMARYOUTPUTCHANNELNAME>Prim.</PRIMARYOUTPUTCHANNELNAME><PRIMARYOUTPUTCHANNELNAMECC>Prim.</PRIMARYOUTPUTCHANNELNAMECC><PRIMARYOUTPUTCHANNEL>4</PRIMARYOUTPUTCHANNEL><SECONDARYOUTPUTCHANNELNAME>Sec.</SECONDARYOUTPUTCHANNELNAME><SECONDARYOUTPUTCHANNELNAMECC>Sec.</SECONDARYOUTPUTCHANNELNAMECC><SECONDARYOUTPUTCHANNEL>5</SECONDARYOUTPUTCHANNEL><PRIMARYCHANNELSCALEFACTORX1GAIN>0.001000000047</PRIMARYCHANNELSCALEFACTORX1GAIN><PRIMARYCHANNELSCALEFACTORX1GAINCC>0.001000000047</PRIMARYCHANNELSCALEFACTORX1GAINCC><PRIMARYCHANNELSCALEFACTOR>0.001000000047</PRIMARYCHANNELSCALEFACTOR><PRIMARYCHANNELUNITS>mV</PRIMARYCHANNELUNITS><PRIMARYCHANNELUNITSCC>mV</PRIMARYCHANNELUNITSCC><SECONDARYCHANNELSCALEFACTORX1GAIN>0.001000000047</SECONDARYCHANNELSCALEFACTORX1GAIN><SECONDARYCHANNELSCALEFACTORX1GAINCC>0.001000000047</SECONDARYCHANNELSCALEFACTORX1GAINCC><SECONDARYCHANNELSCALEFACTORX1>0.001000000047</SECONDARYCHANNELSCALEFACTORX1><SECONDARYCHANNELUNITS>mV</SECONDARYCHANNELUNITS><SECONDARYCHANNELUNITSCC>mV</SECONDARYCHANNELUNITSCC><VOLTAGECOMMANDSCALEFACTOR>1</VOLTAGECOMMANDSCALEFACTOR><VOLTAGECOMMANDCHANNEL>2</VOLTAGECOMMANDCHANNEL><CURRENTCOMMANDSCALEFACTOR>1</CURRENTCOMMANDSCALEFACTOR><CURRENTCOMMANDCHANNEL>2</CURRENTCOMMANDCHANNEL></AMPLIFIER><AMPLIFIER><NUMBER>3</NUMBER><AMPTYPE>0</AMPTYPE><GAINTELEGRAPHAVAILABLE>T</GAINTELEGRAPHAVAILABLE><NEEDSGAINTELEGRAPHCHANNEL>F</NEEDSGAINTELEGRAPHCHANNEL><GAINTELEGRAPHCHANNEL>8</GAINTELEGRAPHCHANNEL><MODETELEGRAPHAVAILABLE>F</MODETELEGRAPHAVAILABLE><NEEDSMODETELEGRAPHCHANNEL>F</NEEDSMODETELEGRAPHCHANNEL><MODETELEGRAPHCHANNEL>8</MODETELEGRAPHCHANNEL><MODESWITCHEDPRIMARYCHANNEL>F</MODESWITCHEDPRIMARYCHANNEL><PRIMARYOUTPUTCHANNELNAME>Prim.</PRIMARYOUTPUTCHANNELNAME><PRIMARYOUTPUTCHANNELNAMECC>Prim.</PRIMARYOUTPUTCHANNELNAMECC><PRIMARYOUTPUTCHANNEL>6</PRIMARYOUTPUTCHANNEL><SECONDARYOUTPUTCHANNELNAME>Sec.</SECONDARYOUTPUTCHANNELNAME><SECONDARYOUTPUTCHANNELNAMECC>Sec.</SECONDARYOUTPUTCHANNELNAMECC><SECONDARYOUTPUTCHANNEL>7</SECONDARYOUTPUTCHANNEL><PRIMARYCHANNELSCALEFACTORX1GAIN>0.001000000047</PRIMARYCHANNELSCALEFACTORX1GAIN><PRIMARYCHANNELSCALEFACTORX1GAINCC>0.001000000047</PRIMARYCHANNELSCALEFACTORX1GAINCC><PRIMARYCHANNELSCALEFACTOR>0.001000000047</PRIMARYCHANNELSCALEFACTOR><PRIMARYCHANNELUNITS>mV</PRIMARYCHANNELUNITS><PRIMARYCHANNELUNITSCC>mV</PRIMARYCHANNELUNITSCC><SECONDARYCHANNELSCALEFACTORX1GAIN>0.001000000047</SECONDARYCHANNELSCALEFACTORX1GAIN><SECONDARYCHANNELSCALEFACTORX1GAINCC>0.001000000047</SECONDARYCHANNELSCALEFACTORX1GAINCC><SECONDARYCHANNELSCALEFACTORX1>0.001000000047</SECONDARYCHANNELSCALEFACTORX1><SECONDARYCHANNELUNITS>mV</SECONDARYCHANNELUNITS><SECONDARYCHANNELUNITSCC>mV</SECONDARYCHANNELUNITSCC><VOLTAGECOMMANDSCALEFACTOR>1</VOLTAGECOMMANDSCALEFACTOR><VOLTAGECOMMANDCHANNEL>3</VOLTAGECOMMANDCHANNEL><CURRENTCOMMANDSCALEFACTOR>1</CURRENTCOMMANDSCALEFACTOR><CURRENTCOMMANDCHANNEL>3</CURRENTCOMMANDCHANNEL></AMPLIFIER></AMPLIFIERSETTINGS>
