<?xml version="1.0"?>
<LABINTERFACESETTINGS><INTERFACETYPE>0</INTERFACETYPE><DEVICENUMBER>1</DEVICENUMBER><ADCINPUTMODE>1</ADCINPUTMODE><ADCNUMCHANNELS>3</ADCNUMCHANNELS><ADCNUMSamples>4096</ADCNUMSamples><ADCVOLTAGERANGEINDEX>0</ADCVOLTAGERANGEINDEX><ADCVOLTAGERANGE><NUMBER>0</NUMBER><RANGE>5</RANGE></ADCVOLTAGERANGE><ADCVOLTAGERANGE><NUMBER>1</NUMBER><RANGE>5</RANGE></ADCVOLTAGERANGE><ADCVOLTAGERANGE><NUMBER>2</NUMBER><RANGE>1</RANGE></ADCVOLTAGERANGE><ADCVOLTAGERANGE><NUMBER>3</NUMBER><RANGE>0.200000003</RANGE></ADCVOLTAGERANGE><ADCVOLTAGERANGE><NUMBER>4</NUMBER><RANGE>0.5</RANGE></ADCVOLTAGERANGE><ADCVOLTAGERANGE><NUMBER>5</NUMBER><RANGE>0.25</RANGE></ADCVOLTAGERANGE><ADCVOLTAGERANGE><NUMBER>6</NUMBER><RANGE>0.1000000015</RANGE></ADCVOLTAGERANGE><ADCVOLTAGERANGE><NUMBER>7</NUMBER><RANGE>0.05000000075</RANGE></ADCVOLTAGERANGE><ADCVOLTAGERANGE><NUMBER>8</NUMBER><RANGE>1</RANGE></ADCVOLTAGERANGE><ADCVOLTAGERANGE><NUMBER>9</NUMBER><RANGE>1</RANGE></ADCVOLTAGERANGE><ADCVOLTAGERANGE><NUMBER>10</NUMBER><RANGE>1</RANGE></ADCVOLTAGERANGE><ADCVOLTAGERANGE><NUMBER>11</NUMBER><RANGE>1</RANGE></ADCVOLTAGERANGE><ADCVOLTAGERANGE><NUMBER>12</NUMBER><RANGE>1</RANGE></ADCVOLTAGERANGE><ADCVOLTAGERANGE><NUMBER>13</NUMBER><RANGE>1</RANGE></ADCVOLTAGERANGE><ADCVOLTAGERANGE><NUMBER>14</NUMBER><RANGE>1</RANGE></ADCVOLTAGERANGE><ADCVOLTAGERANGE><NUMBER>15</NUMBER><RANGE>1</RANGE></ADCVOLTAGERANGE><ADCVOLTAGERANGE><NUMBER>16</NUMBER><RANGE>1</RANGE></ADCVOLTAGERANGE><ADCVOLTAGERANGE><NUMBER>17</NUMBER><RANGE>1</RANGE></ADCVOLTAGERANGE><ADCVOLTAGERANGE><NUMBER>18</NUMBER><RANGE>1</RANGE></ADCVOLTAGERANGE><ADCVOLTAGERANGE><NUMBER>19</NUMBER><RANGE>1</RANGE></ADCVOLTAGERANGE><ADCCHANNEL><NUMBER>0</NUMBER><NAME>Im</NAME><UNITS>pA</UNITS><VOLTSPERUNIT>0.0005000000237</VOLTSPERUNIT><GAIN>1</GAIN><UNITSPERBIT>4.8828125</UNITSPERBIT><ZEROLEVEL>0</ZEROLEVEL><ZEROAT>-1</ZEROAT><CHANNELOFFSET>0</CHANNELOFFSET><VISIBLE>T</VISIBLE><DISPLAYMIN>-2048</DISPLAYMIN><DISPLAYMAX>2047</DISPLAYMAX><INPUTNUMBER>0</INPUTNUMBER><ADCVOLTAGERANGE>5</ADCVOLTAGERANGE></ADCCHANNEL><ADCCHANNEL><NUMBER>1</NUMBER><NAME>Vm</NAME><UNITS>mV</UNITS><VOLTSPERUNIT>0.009999999776</VOLTSPERUNIT><GAIN>1</GAIN><UNITSPERBIT>0.244140625</UNITSPERBIT><ZEROLEVEL>0</ZEROLEVEL><ZEROAT>-1</ZEROAT><CHANNELOFFSET>1</CHANNELOFFSET><VISIBLE>T</VISIBLE><DISPLAYMIN>-2048</DISPLAYMIN><DISPLAYMAX>2047</DISPLAYMAX><INPUTNUMBER>1</INPUTNUMBER><ADCVOLTAGERANGE>5</ADCVOLTAGERANGE></ADCCHANNEL><ADCCHANNEL><NUMBER>2</NUMBER><NAME>Ch.2</NAME><UNITS>mV</UNITS><VOLTSPERUNIT>0.001000000047</VOLTSPERUNIT><GAIN>1</GAIN><UNITSPERBIT>0.3051757813</UNITSPERBIT><ZEROLEVEL>0</ZEROLEVEL><ZEROAT>-1</ZEROAT><CHANNELOFFSET>2</CHANNELOFFSET><VISIBLE>T</VISIBLE><DISPLAYMIN>-2048</DISPLAYMIN><DISPLAYMAX>2047</DISPLAYMAX><INPUTNUMBER>2</INPUTNUMBER><ADCVOLTAGERANGE>5</ADCVOLTAGERANGE></ADCCHANNEL><ADCCHANNEL><NUMBER>3</NUMBER><NAME>Ch.3</NAME><UNITS>mV</UNITS><VOLTSPERUNIT>0.001000000047</VOLTSPERUNIT><GAIN>1</GAIN><UNITSPERBIT>0.3051757813</UNITSPERBIT><ZEROLEVEL>0</ZEROLEVEL><ZEROAT>-1</ZEROAT><CHANNELOFFSET>3</CHANNELOFFSET><VISIBLE>T</VISIBLE><DISPLAYMIN>-2048</DISPLAYMIN><DISPLAYMAX>2047</DISPLAYMAX><INPUTNUMBER>3</INPUTNUMBER><ADCVOLTAGERANGE>5</ADCVOLTAGERANGE></ADCCHANNEL><ADCCHANNEL><NUMBER>4</NUMBER><NAME>Ch.4</NAME><UNITS>mV</UNITS><VOLTSPERUNIT>0.001000000047</VOLTSPERUNIT><GAIN>1</GAIN><UNITSPERBIT>0.3051757813</UNITSPERBIT><ZEROLEVEL>0</ZEROLEVEL><ZEROAT>-1</ZEROAT><CHANNELOFFSET>4</CHANNELOFFSET><VISIBLE>T</VISIBLE><DISPLAYMIN>-2048</DISPLAYMIN><DISPLAYMAX>2047</DISPLAYMAX><INPUTNUMBER>4</INPUTNUMBER><ADCVOLTAGERANGE>5</ADCVOLTAGERANGE></ADCCHANNEL><ADCCHANNEL><NUMBER>5</NUMBER><NAME>Ch.5</NAME><UNITS>mV</UNITS><VOLTSPERUNIT>0.001000000047</VOLTSPERUNIT><GAIN>1</GAIN><UNITSPERBIT>0.3051757813</UNITSPERBIT><ZEROLEVEL>0</ZEROLEVEL><ZEROAT>-1</ZEROAT><CHANNELOFFSET>5</CHANNELOFFSET><VISIBLE>T</VISIBLE><DISPLAYMIN>-2048</DISPLAYMIN><DISPLAYMAX>2047</DISPLAYMAX><INPUTNUMBER>5</INPUTNUMBER><ADCVOLTAGERANGE>5</ADCVOLTAGERANGE></ADCCHANNEL><ADCCHANNEL><NUMBER>6</NUMBER><NAME>Ch.6</NAME><UNITS>mV</UNITS><VOLTSPERUNIT>0.001000000047</VOLTSPERUNIT><GAIN>1</GAIN><UNITSPERBIT>0.3051757813</UNITSPERBIT><ZEROLEVEL>0</ZEROLEVEL><ZEROAT>-1</ZEROAT><CHANNELOFFSET>6</CHANNELOFFSET><VISIBLE>T</VISIBLE><DISPLAYMIN>-2048</DISPLAYMIN><DISPLAYMAX>2047</DISPLAYMAX><INPUTNUMBER>6</INPUTNUMBER><ADCVOLTAGERANGE>5</ADCVOLTAGERANGE></ADCCHANNEL><ADCCHANNEL><NUMBER>7</NUMBER><NAME>Ch.7</NAME><UNITS>mV</UNITS><VOLTSPERUNIT>0.001000000047</VOLTSPERUNIT><GAIN>1</GAIN><UNITSPERBIT>0.3051757813</UNITSPERBIT><ZEROLEVEL>0</ZEROLEVEL><ZEROAT>-1</ZEROAT><CHANNELOFFSET>7</CHANNELOFFSET><VISIBLE>T</VISIBLE><DISPLAYMIN>-2048</DISPLAYMIN><DISPLAYMAX>2047</DISPLAYMAX><INPUTNUMBER>7</INPUTNUMBER><ADCVOLTAGERANGE>5</ADCVOLTAGERANGE></ADCCHANNEL><ADCCHANNEL><NUMBER>8</NUMBER><NAME>Ch.8</NAME><UNITS>mV</UNITS><VOLTSPERUNIT>0.001000000047</VOLTSPERUNIT><GAIN>1</GAIN><UNITSPERBIT>4.880429268</UNITSPERBIT><ZEROLEVEL>0</ZEROLEVEL><ZEROAT>-1</ZEROAT><CHANNELOFFSET>8</CHANNELOFFSET><VISIBLE>T</VISIBLE><DISPLAYMIN>-2048</DISPLAYMIN><DISPLAYMAX>2047</DISPLAYMAX><INPUTNUMBER>8</INPUTNUMBER><ADCVOLTAGERANGE>5</ADCVOLTAGERANGE></ADCCHANNEL><ADCCHANNEL><NUMBER>9</NUMBER><NAME>Ch.9</NAME><UNITS>mV</UNITS><VOLTSPERUNIT>0.001000000047</VOLTSPERUNIT><GAIN>1</GAIN><UNITSPERBIT>4.880429268</UNITSPERBIT><ZEROLEVEL>0</ZEROLEVEL><ZEROAT>-1</ZEROAT><CHANNELOFFSET>9</CHANNELOFFSET><VISIBLE>T</VISIBLE><DISPLAYMIN>-2048</DISPLAYMIN><DISPLAYMAX>2047</DISPLAYMAX><INPUTNUMBER>9</INPUTNUMBER><ADCVOLTAGERANGE>5</ADCVOLTAGERANGE></ADCCHANNEL><ADCCHANNEL><NUMBER>10</NUMBER><NAME>Ch.10</NAME><UNITS>mV</UNITS><VOLTSPERUNIT>0.001000000047</VOLTSPERUNIT><GAIN>1</GAIN><UNITSPERBIT>4.880429268</UNITSPERBIT><ZEROLEVEL>0</ZEROLEVEL><ZEROAT>-1</ZEROAT><CHANNELOFFSET>10</CHANNELOFFSET><VISIBLE>T</VISIBLE><DISPLAYMIN>-2048</DISPLAYMIN><DISPLAYMAX>2047</DISPLAYMAX><INPUTNUMBER>10</INPUTNUMBER><ADCVOLTAGERANGE>5</ADCVOLTAGERANGE></ADCCHANNEL><ADCCHANNEL><NUMBER>11</NUMBER><NAME>Ch.11</NAME><UNITS>mV</UNITS><VOLTSPERUNIT>0.001000000047</VOLTSPERUNIT><GAIN>1</GAIN><UNITSPERBIT>4.880429268</UNITSPERBIT><ZEROLEVEL>0</ZEROLEVEL><ZEROAT>-1</ZEROAT><CHANNELOFFSET>11</CHANNELOFFSET><VISIBLE>T</VISIBLE><DISPLAYMIN>-2048</DISPLAYMIN><DISPLAYMAX>2047</DISPLAYMAX><INPUTNUMBER>11</INPUTNUMBER><ADCVOLTAGERANGE>5</ADCVOLTAGERANGE></ADCCHANNEL><ADCCHANNEL><NUMBER>12</NUMBER><NAME>Ch.12</NAME><UNITS>mV</UNITS><VOLTSPERUNIT>0.001000000047</VOLTSPERUNIT><GAIN>1</GAIN><UNITSPERBIT>4.880429268</UNITSPERBIT><ZEROLEVEL>0</ZEROLEVEL><ZEROAT>-1</ZEROAT><CHANNELOFFSET>12</CHANNELOFFSET><VISIBLE>T</VISIBLE><DISPLAYMIN>-2048</DISPLAYMIN><DISPLAYMAX>2047</DISPLAYMAX><INPUTNUMBER>12</INPUTNUMBER><ADCVOLTAGERANGE>5</ADCVOLTAGERANGE></ADCCHANNEL><ADCCHANNEL><NUMBER>13</NUMBER><NAME>Ch.13</NAME><UNITS>mV</UNITS><VOLTSPERUNIT>0.001000000047</VOLTSPERUNIT><GAIN>1</GAIN><UNITSPERBIT>4.880429268</UNITSPERBIT><ZEROLEVEL>0</ZEROLEVEL><ZEROAT>-1</ZEROAT><CHANNELOFFSET>13</CHANNELOFFSET><VISIBLE>T</VISIBLE><DISPLAYMIN>-2048</DISPLAYMIN><DISPLAYMAX>2047</DISPLAYMAX><INPUTNUMBER>13</INPUTNUMBER><ADCVOLTAGERANGE>5</ADCVOLTAGERANGE></ADCCHANNEL><ADCCHANNEL><NUMBER>14</NUMBER><NAME>Ch.14</NAME><UNITS>mV</UNITS><VOLTSPERUNIT>0.001000000047</VOLTSPERUNIT><GAIN>1</GAIN><UNITSPERBIT>4.880429268</UNITSPERBIT><ZEROLEVEL>0</ZEROLEVEL><ZEROAT>-1</ZEROAT><CHANNELOFFSET>14</CHANNELOFFSET><VISIBLE>T</VISIBLE><DISPLAYMIN>-2048</DISPLAYMIN><DISPLAYMAX>2047</DISPLAYMAX><INPUTNUMBER>14</INPUTNUMBER><ADCVOLTAGERANGE>5</ADCVOLTAGERANGE></ADCCHANNEL><ADCCHANNEL><NUMBER>15</NUMBER><NAME>Ch.15</NAME><UNITS>mV</UNITS><VOLTSPERUNIT>0.001000000047</VOLTSPERUNIT><GAIN>1</GAIN><UNITSPERBIT>4.880429268</UNITSPERBIT><ZEROLEVEL>0</ZEROLEVEL><ZEROAT>-1</ZEROAT><CHANNELOFFSET>15</CHANNELOFFSET><VISIBLE>T</VISIBLE><DISPLAYMIN>-2048</DISPLAYMIN><DISPLAYMAX>2047</DISPLAYMAX><INPUTNUMBER>15</INPUTNUMBER><ADCVOLTAGERANGE>5</ADCVOLTAGERANGE></ADCCHANNEL><DACCHANNEL><NUMBER>0</NUMBER><HOLDINGVOLTAGE>-0.5</HOLDINGVOLTAGE></DACCHANNEL><DACCHANNEL><NUMBER>1</NUMBER><HOLDINGVOLTAGE>-0.02999999933</HOLDINGVOLTAGE></DACCHANNEL><DIGHOLDINGLEVEL>131</DIGHOLDINGLEVEL><DIRECTBRAINSTIMULATOR><COMPORT>0</COMPORT><PULSEWIDTH>0.001000000047</PULSEWIDTH><PULSEFREQUENCY>1</PULSEFREQUENCY><STIMULUSON>F</STIMULUSON><SLEEPMODE>F</SLEEPMODE></DIRECTBRAINSTIMULATOR><CEDPOWER1401DIGTIMCOUNTSHIFT>1</CEDPOWER1401DIGTIMCOUNTSHIFT></LABINTERFACESETTINGS>
