<?xml version="1.0"?>
<TECELLASETTINGS><ZAPAMPLITUDE>1</ZAPAMPLITUDE><ZAPDURATION>1</ZAPDURATION><USEANALOGLEAKSUBTRACTION>T</USEANALOGLEAKSUBTRACTION><USEDIGITALEAKSUBTRACTION>T</USEDIGITALEAKSUBTRACTION><USEDIGITALARTERFACTREMOVAL>F</USEDIGITALARTERFACTREMOVAL><USECFASTCOMPENSATION>T</USECFASTCOMPENSATION><USECSLOWACOMPENSATION>T</USECSLOWACOMPENSATION><USECSLOWBCOMPENSATION>T</USECSLOWBCOMPENSATION><USECSLOWCCOMPENSATION>T</USECSLOWCCOMPENSATION><USECSLOWDCOMPENSATION>F</USECSLOWDCOMPENSATION><COMPENSATEALLCHANNELS>T</COMPENSATEALLCHANNELS><COMPENSATIONCOEFF>0</COMPENSATIONCOEFF><COMPENSATIONVHOLD>-0.09200000018</COMPENSATIONVHOLD><COMPENSATIONTHOLD>0.02199999988</COMPENSATIONTHOLD><COMPENSATIONVSTEP>0.01099999994</COMPENSATIONVSTEP><COMPENSATIONTSTEP>0.02300000004</COMPENSATIONTSTEP><ENABLEDACSTREAMING>T</ENABLEDACSTREAMING><CHANNEL><NUMBER>0</NUMBER><SOURCE>2</SOURCE><GAIN>2</GAIN><INPUTRANGE>1.000000012E-007</INPUTRANGE><CFAST>0</CFAST><CSLOW_AENABLED>T</CSLOW_AENABLED><CSLOW_A>0</CSLOW_A><CSLOW_BENABLED>T</CSLOW_BENABLED><CSLOW_B>0</CSLOW_B><CSLOW_CENABLED>T</CSLOW_CENABLED><CSLOW_C>0</CSLOW_C><CSLOW_DENABLED>T</CSLOW_DENABLED><CSLOW_D>0</CSLOW_D><RSERIESENABLED>F</RSERIESENABLED><RSERIES>0</RSERIES><CHANOFFENABLED>T</CHANOFFENABLED><CHANOFF>50</CHANOFF><LEAKENABLED>T</LEAKENABLED><LEAK>0</LEAK><BESSEL>21</BESSEL></CHANNEL><CHANNEL><NUMBER>1</NUMBER><SOURCE>0</SOURCE><GAIN>0</GAIN><INPUTRANGE>1.000000012E-007</INPUTRANGE><CFAST>0</CFAST><CSLOW_AENABLED>F</CSLOW_AENABLED><CSLOW_A>0</CSLOW_A><CSLOW_BENABLED>F</CSLOW_BENABLED><CSLOW_B>0</CSLOW_B><CSLOW_CENABLED>F</CSLOW_CENABLED><CSLOW_C>0</CSLOW_C><CSLOW_DENABLED>F</CSLOW_DENABLED><CSLOW_D>0</CSLOW_D><RSERIESENABLED>F</RSERIESENABLED><RSERIES>0</RSERIES><CHANOFFENABLED>F</CHANOFFENABLED><CHANOFF>50</CHANOFF><LEAKENABLED>F</LEAKENABLED><LEAK>0</LEAK><BESSEL>0</BESSEL></CHANNEL><CHANNEL><NUMBER>2</NUMBER><SOURCE>0</SOURCE><GAIN>0</GAIN><INPUTRANGE>1.000000012E-007</INPUTRANGE><CFAST>0</CFAST><CSLOW_AENABLED>F</CSLOW_AENABLED><CSLOW_A>0</CSLOW_A><CSLOW_BENABLED>F</CSLOW_BENABLED><CSLOW_B>0</CSLOW_B><CSLOW_CENABLED>F</CSLOW_CENABLED><CSLOW_C>0</CSLOW_C><CSLOW_DENABLED>F</CSLOW_DENABLED><CSLOW_D>0</CSLOW_D><RSERIESENABLED>F</RSERIESENABLED><RSERIES>0</RSERIES><CHANOFFENABLED>F</CHANOFFENABLED><CHANOFF>50</CHANOFF><LEAKENABLED>F</LEAKENABLED><LEAK>0</LEAK><BESSEL>0</BESSEL></CHANNEL><CHANNEL><NUMBER>3</NUMBER><SOURCE>0</SOURCE><GAIN>0</GAIN><INPUTRANGE>1.000000012E-007</INPUTRANGE><CFAST>0</CFAST><CSLOW_AENABLED>F</CSLOW_AENABLED><CSLOW_A>0</CSLOW_A><CSLOW_BENABLED>F</CSLOW_BENABLED><CSLOW_B>0</CSLOW_B><CSLOW_CENABLED>F</CSLOW_CENABLED><CSLOW_C>0</CSLOW_C><CSLOW_DENABLED>F</CSLOW_DENABLED><CSLOW_D>0</CSLOW_D><RSERIESENABLED>F</RSERIESENABLED><RSERIES>0</RSERIES><CHANOFFENABLED>F</CHANOFFENABLED><CHANOFF>50</CHANOFF><LEAKENABLED>F</LEAKENABLED><LEAK>0</LEAK><BESSEL>0</BESSEL></CHANNEL><CHANNEL><NUMBER>4</NUMBER><SOURCE>0</SOURCE><GAIN>0</GAIN><INPUTRANGE>1.000000012E-007</INPUTRANGE><CFAST>0</CFAST><CSLOW_AENABLED>F</CSLOW_AENABLED><CSLOW_A>0</CSLOW_A><CSLOW_BENABLED>F</CSLOW_BENABLED><CSLOW_B>0</CSLOW_B><CSLOW_CENABLED>F</CSLOW_CENABLED><CSLOW_C>0</CSLOW_C><CSLOW_DENABLED>F</CSLOW_DENABLED><CSLOW_D>0</CSLOW_D><RSERIESENABLED>F</RSERIESENABLED><RSERIES>0</RSERIES><CHANOFFENABLED>F</CHANOFFENABLED><CHANOFF>50</CHANOFF><LEAKENABLED>F</LEAKENABLED><LEAK>0</LEAK><BESSEL>0</BESSEL></CHANNEL><CHANNEL><NUMBER>5</NUMBER><SOURCE>0</SOURCE><GAIN>0</GAIN><INPUTRANGE>1.000000012E-007</INPUTRANGE><CFAST>0</CFAST><CSLOW_AENABLED>F</CSLOW_AENABLED><CSLOW_A>0</CSLOW_A><CSLOW_BENABLED>F</CSLOW_BENABLED><CSLOW_B>0</CSLOW_B><CSLOW_CENABLED>F</CSLOW_CENABLED><CSLOW_C>0</CSLOW_C><CSLOW_DENABLED>F</CSLOW_DENABLED><CSLOW_D>0</CSLOW_D><RSERIESENABLED>F</RSERIESENABLED><RSERIES>0</RSERIES><CHANOFFENABLED>F</CHANOFFENABLED><CHANOFF>50</CHANOFF><LEAKENABLED>F</LEAKENABLED><LEAK>0</LEAK><BESSEL>0</BESSEL></CHANNEL><CHANNEL><NUMBER>6</NUMBER><SOURCE>0</SOURCE><GAIN>0</GAIN><INPUTRANGE>1.000000012E-007</INPUTRANGE><CFAST>0</CFAST><CSLOW_AENABLED>F</CSLOW_AENABLED><CSLOW_A>0</CSLOW_A><CSLOW_BENABLED>F</CSLOW_BENABLED><CSLOW_B>0</CSLOW_B><CSLOW_CENABLED>F</CSLOW_CENABLED><CSLOW_C>0</CSLOW_C><CSLOW_DENABLED>F</CSLOW_DENABLED><CSLOW_D>0</CSLOW_D><RSERIESENABLED>F</RSERIESENABLED><RSERIES>0</RSERIES><CHANOFFENABLED>F</CHANOFFENABLED><CHANOFF>50</CHANOFF><LEAKENABLED>F</LEAKENABLED><LEAK>0</LEAK><BESSEL>0</BESSEL></CHANNEL><CHANNEL><NUMBER>7</NUMBER><SOURCE>0</SOURCE><GAIN>0</GAIN><INPUTRANGE>1.000000012E-007</INPUTRANGE><CFAST>0</CFAST><CSLOW_AENABLED>F</CSLOW_AENABLED><CSLOW_A>0</CSLOW_A><CSLOW_BENABLED>F</CSLOW_BENABLED><CSLOW_B>0</CSLOW_B><CSLOW_CENABLED>F</CSLOW_CENABLED><CSLOW_C>0</CSLOW_C><CSLOW_DENABLED>F</CSLOW_DENABLED><CSLOW_D>0</CSLOW_D><RSERIESENABLED>F</RSERIESENABLED><RSERIES>0</RSERIES><CHANOFFENABLED>F</CHANOFFENABLED><CHANOFF>50</CHANOFF><LEAKENABLED>F</LEAKENABLED><LEAK>0</LEAK><BESSEL>0</BESSEL></CHANNEL><CHANNEL><NUMBER>8</NUMBER><SOURCE>0</SOURCE><GAIN>0</GAIN><INPUTRANGE>1.000000012E-007</INPUTRANGE><CFAST>0</CFAST><CSLOW_AENABLED>F</CSLOW_AENABLED><CSLOW_A>0</CSLOW_A><CSLOW_BENABLED>F</CSLOW_BENABLED><CSLOW_B>0</CSLOW_B><CSLOW_CENABLED>F</CSLOW_CENABLED><CSLOW_C>0</CSLOW_C><CSLOW_DENABLED>F</CSLOW_DENABLED><CSLOW_D>0</CSLOW_D><RSERIESENABLED>F</RSERIESENABLED><RSERIES>0</RSERIES><CHANOFFENABLED>F</CHANOFFENABLED><CHANOFF>50</CHANOFF><LEAKENABLED>F</LEAKENABLED><LEAK>0</LEAK><BESSEL>0</BESSEL></CHANNEL><CHANNEL><NUMBER>9</NUMBER><SOURCE>0</SOURCE><GAIN>0</GAIN><INPUTRANGE>1.000000012E-007</INPUTRANGE><CFAST>0</CFAST><CSLOW_AENABLED>F</CSLOW_AENABLED><CSLOW_A>0</CSLOW_A><CSLOW_BENABLED>F</CSLOW_BENABLED><CSLOW_B>0</CSLOW_B><CSLOW_CENABLED>F</CSLOW_CENABLED><CSLOW_C>0</CSLOW_C><CSLOW_DENABLED>F</CSLOW_DENABLED><CSLOW_D>0</CSLOW_D><RSERIESENABLED>F</RSERIESENABLED><RSERIES>0</RSERIES><CHANOFFENABLED>F</CHANOFFENABLED><CHANOFF>50</CHANOFF><LEAKENABLED>F</LEAKENABLED><LEAK>0</LEAK><BESSEL>0</BESSEL></CHANNEL><CHANNEL><NUMBER>10</NUMBER><SOURCE>0</SOURCE><GAIN>0</GAIN><INPUTRANGE>1.000000012E-007</INPUTRANGE><CFAST>0</CFAST><CSLOW_AENABLED>F</CSLOW_AENABLED><CSLOW_A>0</CSLOW_A><CSLOW_BENABLED>F</CSLOW_BENABLED><CSLOW_B>0</CSLOW_B><CSLOW_CENABLED>F</CSLOW_CENABLED><CSLOW_C>0</CSLOW_C><CSLOW_DENABLED>F</CSLOW_DENABLED><CSLOW_D>0</CSLOW_D><RSERIESENABLED>F</RSERIESENABLED><RSERIES>0</RSERIES><CHANOFFENABLED>F</CHANOFFENABLED><CHANOFF>50</CHANOFF><LEAKENABLED>F</LEAKENABLED><LEAK>0</LEAK><BESSEL>0</BESSEL></CHANNEL><CHANNEL><NUMBER>11</NUMBER><SOURCE>0</SOURCE><GAIN>0</GAIN><INPUTRANGE>1.000000012E-007</INPUTRANGE><CFAST>0</CFAST><CSLOW_AENABLED>F</CSLOW_AENABLED><CSLOW_A>0</CSLOW_A><CSLOW_BENABLED>F</CSLOW_BENABLED><CSLOW_B>0</CSLOW_B><CSLOW_CENABLED>F</CSLOW_CENABLED><CSLOW_C>0</CSLOW_C><CSLOW_DENABLED>F</CSLOW_DENABLED><CSLOW_D>0</CSLOW_D><RSERIESENABLED>F</RSERIESENABLED><RSERIES>0</RSERIES><CHANOFFENABLED>F</CHANOFFENABLED><CHANOFF>50</CHANOFF><LEAKENABLED>F</LEAKENABLED><LEAK>0</LEAK><BESSEL>0</BESSEL></CHANNEL><CHANNEL><NUMBER>12</NUMBER><SOURCE>0</SOURCE><GAIN>0</GAIN><INPUTRANGE>1.000000012E-007</INPUTRANGE><CFAST>0</CFAST><CSLOW_AENABLED>F</CSLOW_AENABLED><CSLOW_A>0</CSLOW_A><CSLOW_BENABLED>F</CSLOW_BENABLED><CSLOW_B>0</CSLOW_B><CSLOW_CENABLED>F</CSLOW_CENABLED><CSLOW_C>0</CSLOW_C><CSLOW_DENABLED>F</CSLOW_DENABLED><CSLOW_D>0</CSLOW_D><RSERIESENABLED>F</RSERIESENABLED><RSERIES>0</RSERIES><CHANOFFENABLED>F</CHANOFFENABLED><CHANOFF>50</CHANOFF><LEAKENABLED>F</LEAKENABLED><LEAK>0</LEAK><BESSEL>0</BESSEL></CHANNEL><CHANNEL><NUMBER>13</NUMBER><SOURCE>0</SOURCE><GAIN>0</GAIN><INPUTRANGE>1.000000012E-007</INPUTRANGE><CFAST>0</CFAST><CSLOW_AENABLED>F</CSLOW_AENABLED><CSLOW_A>0</CSLOW_A><CSLOW_BENABLED>F</CSLOW_BENABLED><CSLOW_B>0</CSLOW_B><CSLOW_CENABLED>F</CSLOW_CENABLED><CSLOW_C>0</CSLOW_C><CSLOW_DENABLED>F</CSLOW_DENABLED><CSLOW_D>0</CSLOW_D><RSERIESENABLED>F</RSERIESENABLED><RSERIES>0</RSERIES><CHANOFFENABLED>F</CHANOFFENABLED><CHANOFF>50</CHANOFF><LEAKENABLED>F</LEAKENABLED><LEAK>0</LEAK><BESSEL>0</BESSEL></CHANNEL><CHANNEL><NUMBER>14</NUMBER><SOURCE>0</SOURCE><GAIN>0</GAIN><INPUTRANGE>1.000000012E-007</INPUTRANGE><CFAST>0</CFAST><CSLOW_AENABLED>F</CSLOW_AENABLED><CSLOW_A>0</CSLOW_A><CSLOW_BENABLED>F</CSLOW_BENABLED><CSLOW_B>0</CSLOW_B><CSLOW_CENABLED>F</CSLOW_CENABLED><CSLOW_C>0</CSLOW_C><CSLOW_DENABLED>F</CSLOW_DENABLED><CSLOW_D>0</CSLOW_D><RSERIESENABLED>F</RSERIESENABLED><RSERIES>0</RSERIES><CHANOFFENABLED>F</CHANOFFENABLED><CHANOFF>50</CHANOFF><LEAKENABLED>F</LEAKENABLED><LEAK>0</LEAK><BESSEL>0</BESSEL></CHANNEL><CHANNEL><NUMBER>15</NUMBER><SOURCE>0</SOURCE><GAIN>0</GAIN><INPUTRANGE>1.000000012E-007</INPUTRANGE><CFAST>0</CFAST><CSLOW_AENABLED>F</CSLOW_AENABLED><CSLOW_A>0</CSLOW_A><CSLOW_BENABLED>F</CSLOW_BENABLED><CSLOW_B>0</CSLOW_B><CSLOW_CENABLED>F</CSLOW_CENABLED><CSLOW_C>0</CSLOW_C><CSLOW_DENABLED>F</CSLOW_DENABLED><CSLOW_D>0</CSLOW_D><RSERIESENABLED>F</RSERIESENABLED><RSERIES>0</RSERIES><CHANOFFENABLED>F</CHANOFFENABLED><CHANOFF>50</CHANOFF><LEAKENABLED>F</LEAKENABLED><LEAK>0</LEAK><BESSEL>0</BESSEL></CHANNEL></TECELLASETTINGS>
