<?xml version="1.0"?>
<LABINTERFACESETTINGS><INTERFACETYPE>11</INTERFACETYPE><DEVICENUMBER>1</DEVICENUMBER><ADCINPUTMODE>1</ADCINPUTMODE><ADCNUMCHANNELS>4</ADCNUMCHANNELS><ADCMAXCHANNELS>8</ADCMAXCHANNELS><ADCNUMSamples>512</ADCNUMSamples><ADCVOLTAGERANGEINDEX>0</ADCVOLTAGERANGEINDEX><DACMAXCHANNELS>2</DACMAXCHANNELS><ADCCHANNEL><NUMBER>0</NUMBER><NAME>Vm1</NAME><UNITS>mV</UNITS><VOLTSPERUNIT>1</VOLTSPERUNIT><GAIN>1</GAIN><UNITSPERBIT>0.0003051757813</UNITSPERBIT><ZEROLEVEL>0</ZEROLEVEL><ZEROAT>-1</ZEROAT><CHANNELOFFSET>0</CHANNELOFFSET><VISIBLE>T</VISIBLE><DISPLAYMIN>-32768</DISPLAYMIN><DISPLAYMAX>32767</DISPLAYMAX><INPUTNUMBER>0</INPUTNUMBER></ADCCHANNEL><ADCCHANNEL><NUMBER>1</NUMBER><NAME>Vm1</NAME><UNITS>mV</UNITS><VOLTSPERUNIT>1</VOLTSPERUNIT><GAIN>1</GAIN><UNITSPERBIT>0.0003051757813</UNITSPERBIT><ZEROLEVEL>0</ZEROLEVEL><ZEROAT>-1</ZEROAT><CHANNELOFFSET>1</CHANNELOFFSET><VISIBLE>T</VISIBLE><DISPLAYMIN>-32768</DISPLAYMIN><DISPLAYMAX>32767</DISPLAYMAX><INPUTNUMBER>1</INPUTNUMBER></ADCCHANNEL><ADCCHANNEL><NUMBER>2</NUMBER><NAME>Vm2</NAME><UNITS>mV</UNITS><VOLTSPERUNIT>1</VOLTSPERUNIT><GAIN>1</GAIN><UNITSPERBIT>0.0003051757813</UNITSPERBIT><ZEROLEVEL>0</ZEROLEVEL><ZEROAT>-1</ZEROAT><CHANNELOFFSET>2</CHANNELOFFSET><VISIBLE>T</VISIBLE><DISPLAYMIN>-32768</DISPLAYMIN><DISPLAYMAX>32767</DISPLAYMAX><INPUTNUMBER>2</INPUTNUMBER></ADCCHANNEL><ADCCHANNEL><NUMBER>3</NUMBER><NAME>Vm2</NAME><UNITS>mV</UNITS><VOLTSPERUNIT>1</VOLTSPERUNIT><GAIN>1</GAIN><UNITSPERBIT>0.0003051757813</UNITSPERBIT><ZEROLEVEL>0</ZEROLEVEL><ZEROAT>-1</ZEROAT><CHANNELOFFSET>3</CHANNELOFFSET><VISIBLE>T</VISIBLE><DISPLAYMIN>-32768</DISPLAYMIN><DISPLAYMAX>32767</DISPLAYMAX><INPUTNUMBER>3</INPUTNUMBER></ADCCHANNEL><ADCCHANNEL><NUMBER>4</NUMBER><NAME>Ch.4</NAME><UNITS>mV</UNITS><VOLTSPERUNIT>0.001000000047</VOLTSPERUNIT><GAIN>1</GAIN><UNITSPERBIT>0.3051757813</UNITSPERBIT><ZEROLEVEL>0</ZEROLEVEL><ZEROAT>-1</ZEROAT><CHANNELOFFSET>4</CHANNELOFFSET><VISIBLE>T</VISIBLE><DISPLAYMIN>-32768</DISPLAYMIN><DISPLAYMAX>32767</DISPLAYMAX><INPUTNUMBER>4</INPUTNUMBER></ADCCHANNEL><ADCCHANNEL><NUMBER>5</NUMBER><NAME>Ch.5</NAME><UNITS>mV</UNITS><VOLTSPERUNIT>0.001000000047</VOLTSPERUNIT><GAIN>1</GAIN><UNITSPERBIT>0.3051757813</UNITSPERBIT><ZEROLEVEL>0</ZEROLEVEL><ZEROAT>-1</ZEROAT><CHANNELOFFSET>5</CHANNELOFFSET><VISIBLE>T</VISIBLE><DISPLAYMIN>-32768</DISPLAYMIN><DISPLAYMAX>32767</DISPLAYMAX><INPUTNUMBER>5</INPUTNUMBER></ADCCHANNEL><ADCCHANNEL><NUMBER>6</NUMBER><NAME>Ch.6</NAME><UNITS>mV</UNITS><VOLTSPERUNIT>0.001000000047</VOLTSPERUNIT><GAIN>1</GAIN><UNITSPERBIT>0.3051757813</UNITSPERBIT><ZEROLEVEL>0</ZEROLEVEL><ZEROAT>-1</ZEROAT><CHANNELOFFSET>6</CHANNELOFFSET><VISIBLE>T</VISIBLE><DISPLAYMIN>-32768</DISPLAYMIN><DISPLAYMAX>32767</DISPLAYMAX><INPUTNUMBER>6</INPUTNUMBER></ADCCHANNEL><ADCCHANNEL><NUMBER>7</NUMBER><NAME>Ch.7</NAME><UNITS>mV</UNITS><VOLTSPERUNIT>0.001000000047</VOLTSPERUNIT><GAIN>1</GAIN><UNITSPERBIT>0.3051757813</UNITSPERBIT><ZEROLEVEL>0</ZEROLEVEL><ZEROAT>-1</ZEROAT><CHANNELOFFSET>7</CHANNELOFFSET><VISIBLE>T</VISIBLE><DISPLAYMIN>-32768</DISPLAYMIN><DISPLAYMAX>32767</DISPLAYMAX><INPUTNUMBER>7</INPUTNUMBER></ADCCHANNEL><DACCHANNEL><NUMBER>0</NUMBER><HOLDINGVOLTAGE>0</HOLDINGVOLTAGE></DACCHANNEL><DACCHANNEL><NUMBER>1</NUMBER><HOLDINGVOLTAGE>0</HOLDINGVOLTAGE></DACCHANNEL><DIGHOLDINGLEVEL>0</DIGHOLDINGLEVEL><DIRECTBRAINSTIMULATOR><COMPORT>0</COMPORT><PULSEWIDTH>0.001000000047</PULSEWIDTH><PULSEFREQUENCY>1</PULSEFREQUENCY><STIMULUSON>F</STIMULUSON><SLEEPMODE>F</SLEEPMODE></DIRECTBRAINSTIMULATOR><CEDPOWER1401DIGTIMCOUNTSHIFT>1</CEDPOWER1401DIGTIMCOUNTSHIFT></LABINTERFACESETTINGS>
